546371824;"PLANALTINA II";-15.746405;-47.661732;(parado);"03/02/2026 01:02:29"
546371848;"PLANALTINA II";-15.746391;-47.661728;(parado);"03/02/2026 01:02:30"
546371868;"PLANALTINA II";-15.746385;-47.661728;(parado);"03/02/2026 01:02:31"
546371890;"PLANALTINA II";-15.746377;-47.661724;(parado);"03/02/2026 01:02:32"
546371921;"PLANALTINA II";-15.746377;-47.661724;(parado);"03/02/2026 01:02:33"
546371936;"PLANALTINA II";-15.746377;-47.661724;(parado);"03/02/2026 01:02:34"
546371958;"PLANALTINA II";-15.746377;-47.661724;(parado);"03/02/2026 01:02:35"
546371979;"PLANALTINA II";-15.746360;-47.661743;(parado);"03/02/2026 01:02:36"
546372004;"PLANALTINA II";-15.746342;-47.661751;8km/h;"03/02/2026 01:02:37"
546372044;"PLANALTINA II";-15.746304;-47.661774;8km/h;"03/02/2026 01:02:39"
546372081;"PLANALTINA II";-15.746280;-47.661789;10km/h;"03/02/2026 01:02:41"
546372091;"PLANALTINA II";-15.746259;-47.661812;12km/h;"03/02/2026 01:02:41"
546372123;"PLANALTINA II";-15.746235;-47.661827;14km/h;"03/02/2026 01:02:43"
546372146;"PLANALTINA II";-15.746183;-47.661873;16km/h;"03/02/2026 01:02:44"
546372167;"PLANALTINA II";-15.746155;-47.661911;18km/h;"03/02/2026 01:02:45"
546372191;"PLANALTINA II";-15.746128;-47.661957;19km/h;"03/02/2026 01:02:46"
546372212;"PLANALTINA II";-15.746097;-47.662003;19km/h;"03/02/2026 01:02:47"
546372232;"PLANALTINA II";-15.746068;-47.662041;14km/h;"03/02/2026 01:02:48"
546372254;"PLANALTINA II";-15.746058;-47.662056;12km/h;"03/02/2026 01:02:49"
546372275;"PLANALTINA II";-15.746040;-47.662102;14km/h;"03/02/2026 01:02:50"
546372297;"PLANALTINA II";-15.746016;-47.662132;14km/h;"03/02/2026 01:02:51"
546373944;"PLANALTINA II";-15.744663;-47.663940;(parado);"03/02/2026 01:04:09"
546373965;"PLANALTINA II";-15.744663;-47.663940;(parado);"03/02/2026 01:04:10"
546373988;"PLANALTINA II";-15.744663;-47.663940;(parado);"03/02/2026 01:04:11"
546374023;"PLANALTINA II";-15.744672;-47.663914;4km/h;"03/02/2026 01:04:12"
546374039;"PLANALTINA II";-15.744677;-47.663906;5km/h;"03/02/2026 01:04:13"
546374055;"PLANALTINA II";-15.744683;-47.663895;4km/h;"03/02/2026 01:04:14"
546374076;"PLANALTINA II";-15.744688;-47.663887;(parado);"03/02/2026 01:04:15"
546374096;"PLANALTINA II";-15.744695;-47.663879;(parado);"03/02/2026 01:04:16"
546374120;"PLANALTINA II";-15.744703;-47.663872;(parado);"03/02/2026 01:04:17"
546374142;"PLANALTINA II";-15.744703;-47.663872;(parado);"03/02/2026 01:04:18"
546374165;"PLANALTINA II";-15.744703;-47.663872;(parado);"03/02/2026 01:04:19"
546374221;"PLANALTINA II";-15.744703;-47.663872;(parado);"03/02/2026 01:04:21"
546374232;"PLANALTINA II";-15.744694;-47.663857;6km/h;"03/02/2026 01:04:22"
546374255;"PLANALTINA II";-15.744678;-47.663849;6km/h;"03/02/2026 01:04:23"
546374278;"PLANALTINA II";-15.744672;-47.663834;7km/h;"03/02/2026 01:04:24"
546374309;"PLANALTINA II";-15.744668;-47.663815;8km/h;"03/02/2026 01:04:25"
546374323;"PLANALTINA II";-15.744658;-47.663792;8km/h;"03/02/2026 01:04:26"
546374345;"PLANALTINA II";-15.744655;-47.663773;8km/h;"03/02/2026 01:04:27"
546374368;"PLANALTINA II";-15.744640;-47.663750;10km/h;"03/02/2026 01:04:28"
546374391;"PLANALTINA II";-15.744620;-47.663727;11km/h;"03/02/2026 01:04:29"
546374413;"PLANALTINA II";-15.744590;-47.663708;14km/h;"03/02/2026 01:04:30"
546374436;"PLANALTINA II";-15.744555;-47.663696;14km/h;"03/02/2026 01:04:31"
546374459;"PLANALTINA II";-15.744516;-47.663689;14km/h;"03/02/2026 01:04:32"
546377709;"PLANALTINA II";-15.734366;-47.661896;79km/h;"03/02/2026 01:07:05"
546377731;"PLANALTINA II";-15.734174;-47.661858;79km/h;"03/02/2026 01:07:06"
546377759;"PLANALTINA II";-15.733983;-47.661797;79km/h;"03/02/2026 01:07:07"
546377777;"PLANALTINA II";-15.733784;-47.661758;79km/h;"03/02/2026 01:07:08"
546377804;"PLANALTINA II";-15.733588;-47.661720;80km/h;"03/02/2026 01:07:09"
546377821;"PLANALTINA II";-15.733395;-47.661686;79km/h;"03/02/2026 01:07:10"
546377845;"PLANALTINA II";-15.733198;-47.661648;80km/h;"03/02/2026 01:07:11"
546377874;"PLANALTINA II";-15.733026;-47.661598;81km/h;"03/02/2026 01:07:12"
546377885;"PLANALTINA II";-15.732821;-47.661526;79km/h;"03/02/2026 01:07:13"
546377908;"PLANALTINA II";-15.732641;-47.661491;79km/h;"03/02/2026 01:07:14"
546377936;"PLANALTINA II";-15.732456;-47.661461;79km/h;"03/02/2026 01:07:15"
546377953;"PLANALTINA II";-15.732257;-47.661419;79km/h;"03/02/2026 01:07:16"
546377976;"PLANALTINA II";-15.732059;-47.661373;80km/h;"03/02/2026 01:07:17"
546377998;"PLANALTINA II";-15.731855;-47.661327;79km/h;"03/02/2026 01:07:18"
546378021;"PLANALTINA II";-15.731660;-47.661289;78km/h;"03/02/2026 01:07:19"
546378045;"PLANALTINA II";-15.731470;-47.661255;76km/h;"03/02/2026 01:07:20"
546378066;"PLANALTINA II";-15.731280;-47.661224;78km/h;"03/02/2026 01:07:21"
546378089;"PLANALTINA II";-15.731095;-47.661190;74km/h;"03/02/2026 01:07:22"
546378111;"PLANALTINA II";-15.730915;-47.661163;74km/h;"03/02/2026 01:07:23"
546378135;"PLANALTINA II";-15.730737;-47.661133;73km/h;"03/02/2026 01:07:24"
546378158;"PLANALTINA II";-15.730554;-47.661102;75km/h;"03/02/2026 01:07:25"
546378181;"PLANALTINA II";-15.730373;-47.661072;71km/h;"03/02/2026 01:07:26"
546378204;"PLANALTINA II";-15.730200;-47.661045;70km/h;"03/02/2026 01:07:27"
546379316;"PLANALTINA II";-15.728935;-47.654583;55km/h;"03/02/2026 01:08:20"
546379335;"PLANALTINA II";-15.728960;-47.654446;52km/h;"03/02/2026 01:08:21"
546379357;"PLANALTINA II";-15.728987;-47.654320;51km/h;"03/02/2026 01:08:21"
546379384;"PLANALTINA II";-15.729007;-47.654198;48km/h;"03/02/2026 01:08:23"
546379405;"PLANALTINA II";-15.729030;-47.654095;40km/h;"03/02/2026 01:08:24"
546379427;"PLANALTINA II";-15.729045;-47.654003;35km/h;"03/02/2026 01:08:25"
546379471;"PLANALTINA II";-15.729058;-47.653923;30km/h;"03/02/2026 01:08:27"
546379473;"PLANALTINA II";-15.729069;-47.653851;26km/h;"03/02/2026 01:08:27"
546379494;"PLANALTINA II";-15.729080;-47.653790;25km/h;"03/02/2026 01:08:28"
546379503;"PLANALTINA II";-15.729102;-47.653744;21km/h;"03/02/2026 01:08:29"
546379526;"PLANALTINA II";-15.729125;-47.653709;17km/h;"03/02/2026 01:08:30"
546379547;"PLANALTINA II";-15.729141;-47.653694;11km/h;"03/02/2026 01:08:31"
546379567;"PLANALTINA II";-15.729156;-47.653687;5km/h;"03/02/2026 01:08:32"
546379609;"PLANALTINA II";-15.729183;-47.653687;(parado);"03/02/2026 01:08:34"
546379630;"PLANALTINA II";-15.729192;-47.653687;(parado);"03/02/2026 01:08:35"
546379652;"PLANALTINA II";-15.729198;-47.653687;(parado);"03/02/2026 01:08:36"
546379673;"PLANALTINA II";-15.729198;-47.653687;(parado);"03/02/2026 01:08:37"
546379695;"PLANALTINA II";-15.729198;-47.653687;(parado);"03/02/2026 01:08:38"
546379717;"PLANALTINA II";-15.729198;-47.653687;(parado);"03/02/2026 01:08:39"
546379738;"PLANALTINA II";-15.729198;-47.653687;(parado);"03/02/2026 01:08:40"
546379760;"PLANALTINA II";-15.729198;-47.653687;(parado);"03/02/2026 01:08:41"
546379782;"PLANALTINA II";-15.729198;-47.653687;(parado);"03/02/2026 01:08:42"
546379804;"PLANALTINA II";-15.729198;-47.653687;(parado);"03/02/2026 01:08:43"
546379825;"PLANALTINA II";-15.729198;-47.653687;(parado);"03/02/2026 01:08:44"
546379847;"PLANALTINA II";-15.729198;-47.653687;(parado);"03/02/2026 01:08:45"
546379869;"PLANALTINA II";-15.729198;-47.653687;(parado);"03/02/2026 01:08:46"
546379892;"PLANALTINA II";-15.729198;-47.653687;(parado);"03/02/2026 01:08:47"
546379913;"PLANALTINA II";-15.729198;-47.653687;(parado);"03/02/2026 01:08:48"
546379946;"PLANALTINA II";-15.729198;-47.653687;(parado);"03/02/2026 01:08:49"
546379957;"PLANALTINA II";-15.729198;-47.653687;(parado);"03/02/2026 01:08:50"
546379977;"PLANALTINA II";-15.729198;-47.653687;(parado);"03/02/2026 01:08:51"
546380009;"PLANALTINA II";-15.729198;-47.653687;(parado);"03/02/2026 01:08:52"
546380026;"PLANALTINA II";-15.729198;-47.653687;(parado);"03/02/2026 01:08:53"
546380040;"PLANALTINA II";-15.729198;-47.653687;(parado);"03/02/2026 01:08:54"
546380060;"PLANALTINA II";-15.729198;-47.653687;(parado);"03/02/2026 01:08:55"
546380102;"PLANALTINA II";-15.729198;-47.653687;(parado);"03/02/2026 01:08:57"
546380108;"PLANALTINA II";-15.729198;-47.653687;(parado);"03/02/2026 01:08:57"
546380125;"PLANALTINA II";-15.729198;-47.653687;(parado);"03/02/2026 01:08:58"
546380146;"PLANALTINA II";-15.729198;-47.653687;(parado);"03/02/2026 01:08:59"
546380211;"PLANALTINA II";-15.729198;-47.653687;(parado);"03/02/2026 01:09:02"
546380238;"PLANALTINA II";-15.729198;-47.653687;(parado);"03/02/2026 01:09:03"
546380239;"PLANALTINA II";-15.729198;-47.653687;(parado);"03/02/2026 01:09:03"
546380273;"PLANALTINA II";-15.729198;-47.653687;(parado);"03/02/2026 01:09:05"
546380313;"PLANALTINA II";-15.729198;-47.653687;(parado);"03/02/2026 01:09:06"
546380314;"PLANALTINA II";-15.729198;-47.653687;(parado);"03/02/2026 01:09:06"
546380315;"PLANALTINA II";-15.729198;-47.653687;(parado);"03/02/2026 01:09:06"
546380321;"PLANALTINA II";-15.729198;-47.653687;(parado);"03/02/2026 01:09:07"
546380343;"PLANALTINA II";-15.729198;-47.653687;(parado);"03/02/2026 01:09:08"
546380365;"PLANALTINA II";-15.729198;-47.653687;(parado);"03/02/2026 01:09:09"
546380387;"PLANALTINA II";-15.729198;-47.653687;(parado);"03/02/2026 01:09:10"
546380409;"PLANALTINA II";-15.729198;-47.653687;(parado);"03/02/2026 01:09:11"
546380432;"PLANALTINA II";-15.729198;-47.653687;(parado);"03/02/2026 01:09:12"
546380453;"PLANALTINA II";-15.729198;-47.653687;(parado);"03/02/2026 01:09:13"
546380474;"PLANALTINA II";-15.729198;-47.653687;(parado);"03/02/2026 01:09:14"
546380495;"PLANALTINA II";-15.729198;-47.653687;(parado);"03/02/2026 01:09:15"
546380516;"PLANALTINA II";-15.729198;-47.653687;(parado);"03/02/2026 01:09:16"
546380537;"PLANALTINA II";-15.729198;-47.653687;(parado);"03/02/2026 01:09:17"
546380560;"PLANALTINA II";-15.729198;-47.653687;(parado);"03/02/2026 01:09:18"
546380579;"PLANALTINA II";-15.729198;-47.653687;(parado);"03/02/2026 01:09:19"
546380600;"PLANALTINA II";-15.729198;-47.653687;(parado);"03/02/2026 01:09:20"
546380622;"PLANALTINA II";-15.729198;-47.653687;(parado);"03/02/2026 01:09:21"
546380645;"PLANALTINA II";-15.729198;-47.653687;(parado);"03/02/2026 01:09:22"
546380685;"PLANALTINA II";-15.729198;-47.653687;(parado);"03/02/2026 01:09:24"
546382328;"PLANALTINA II";-15.729247;-47.653595;(parado);"03/02/2026 01:10:45"
546382349;"PLANALTINA II";-15.729247;-47.653595;(parado);"03/02/2026 01:10:46"
546382371;"PLANALTINA II";-15.729247;-47.653595;(parado);"03/02/2026 01:10:47"
546382391;"PLANALTINA II";-15.729247;-47.653595;(parado);"03/02/2026 01:10:48"
546382412;"PLANALTINA II";-15.729247;-47.653595;(parado);"03/02/2026 01:10:49"
546382433;"PLANALTINA II";-15.729247;-47.653595;(parado);"03/02/2026 01:10:50"
546382454;"PLANALTINA II";-15.729247;-47.653595;(parado);"03/02/2026 01:10:51"
546382475;"PLANALTINA II";-15.729247;-47.653595;(parado);"03/02/2026 01:10:52"
546382503;"PLANALTINA II";-15.729247;-47.653595;(parado);"03/02/2026 01:10:53"
546382523;"PLANALTINA II";-15.729247;-47.653595;(parado);"03/02/2026 01:10:54"
546382544;"PLANALTINA II";-15.729247;-47.653595;(parado);"03/02/2026 01:10:55"
546382566;"PLANALTINA II";-15.729274;-47.653576;6km/h;"03/02/2026 01:10:56"
546382584;"PLANALTINA II";-15.729285;-47.653564;6km/h;"03/02/2026 01:10:57"
546382606;"PLANALTINA II";-15.729301;-47.653553;7km/h;"03/02/2026 01:10:58"
546382629;"PLANALTINA II";-15.729317;-47.653542;6km/h;"03/02/2026 01:10:59"
546382651;"PLANALTINA II";-15.729330;-47.653534;5km/h;"03/02/2026 01:11:00"
546382672;"PLANALTINA II";-15.729340;-47.653530;4km/h;"03/02/2026 01:11:01"
546382693;"PLANALTINA II";-15.729352;-47.653526;(parado);"03/02/2026 01:11:02"
546382713;"PLANALTINA II";-15.729359;-47.653530;(parado);"03/02/2026 01:11:03"
546382763;"PLANALTINA II";-15.729360;-47.653530;(parado);"03/02/2026 01:11:06"
546382779;"PLANALTINA II";-15.729360;-47.653530;(parado);"03/02/2026 01:11:06"
546382800;"PLANALTINA II";-15.729360;-47.653530;(parado);"03/02/2026 01:11:07"
546382824;"PLANALTINA II";-15.729360;-47.653530;(parado);"03/02/2026 01:11:08"
546382852;"PLANALTINA II";-15.729360;-47.653530;(parado);"03/02/2026 01:11:10"
546382865;"PLANALTINA II";-15.729360;-47.653530;(parado);"03/02/2026 01:11:10"
546382886;"PLANALTINA II";-15.729360;-47.653530;(parado);"03/02/2026 01:11:11"
546382909;"PLANALTINA II";-15.729360;-47.653530;(parado);"03/02/2026 01:11:12"
546382929;"PLANALTINA II";-15.729360;-47.653530;(parado);"03/02/2026 01:11:13"
546382951;"PLANALTINA II";-15.729360;-47.653530;(parado);"03/02/2026 01:11:14"
546382973;"PLANALTINA II";-15.729360;-47.653530;(parado);"03/02/2026 01:11:15"
546382994;"PLANALTINA II";-15.729360;-47.653530;(parado);"03/02/2026 01:11:16"
546383016;"PLANALTINA II";-15.729360;-47.653530;(parado);"03/02/2026 01:11:17"
546383038;"PLANALTINA II";-15.729360;-47.653530;(parado);"03/02/2026 01:11:18"
546383060;"PLANALTINA II";-15.729360;-47.653530;(parado);"03/02/2026 01:11:19"
546383082;"PLANALTINA II";-15.729360;-47.653530;(parado);"03/02/2026 01:11:20"
546383104;"PLANALTINA II";-15.729360;-47.653530;(parado);"03/02/2026 01:11:21"
546383125;"PLANALTINA II";-15.729360;-47.653530;(parado);"03/02/2026 01:11:22"
546383147;"PLANALTINA II";-15.729360;-47.653530;(parado);"03/02/2026 01:11:23"
546383166;"PLANALTINA II";-15.729360;-47.653530;(parado);"03/02/2026 01:11:24"
546383188;"PLANALTINA II";-15.729360;-47.653530;(parado);"03/02/2026 01:11:25"
546383210;"PLANALTINA II";-15.729360;-47.653530;(parado);"03/02/2026 01:11:27"
546383230;"PLANALTINA II";-15.729360;-47.653530;(parado);"03/02/2026 01:11:27"
546383252;"PLANALTINA II";-15.729360;-47.653530;(parado);"03/02/2026 01:11:28"
546383275;"PLANALTINA II";-15.729360;-47.653530;(parado);"03/02/2026 01:11:30"
546383299;"PLANALTINA II";-15.729360;-47.653530;(parado);"03/02/2026 01:11:31"
546383316;"PLANALTINA II";-15.729360;-47.653530;(parado);"03/02/2026 01:11:32"
546383337;"PLANALTINA II";-15.729360;-47.653530;(parado);"03/02/2026 01:11:33"
546383359;"PLANALTINA II";-15.729360;-47.653530;(parado);"03/02/2026 01:11:34"
546383382;"PLANALTINA II";-15.729360;-47.653530;(parado);"03/02/2026 01:11:35"
546383404;"PLANALTINA II";-15.729360;-47.653530;(parado);"03/02/2026 01:11:36"
546383425;"PLANALTINA II";-15.729360;-47.653530;(parado);"03/02/2026 01:11:37"
546383446;"PLANALTINA II";-15.729360;-47.653530;(parado);"03/02/2026 01:11:38"
546383468;"PLANALTINA II";-15.729360;-47.653530;(parado);"03/02/2026 01:11:39"
546383490;"PLANALTINA II";-15.729360;-47.653530;(parado);"03/02/2026 01:11:40"
546383512;"PLANALTINA II";-15.729360;-47.653530;(parado);"03/02/2026 01:11:41"
546384523;"PLANALTINA II";-15.729360;-47.653530;(parado);"03/02/2026 01:12:30"
546384545;"PLANALTINA II";-15.729360;-47.653530;(parado);"03/02/2026 01:12:31"
546384566;"PLANALTINA II";-15.729360;-47.653530;(parado);"03/02/2026 01:12:32"
546384589;"PLANALTINA II";-15.729360;-47.653530;(parado);"03/02/2026 01:12:33"
546384610;"PLANALTINA II";-15.729360;-47.653530;(parado);"03/02/2026 01:12:34"
546384632;"PLANALTINA II";-15.729360;-47.653530;(parado);"03/02/2026 01:12:35"
546384653;"PLANALTINA II";-15.729360;-47.653530;(parado);"03/02/2026 01:12:36"
546384672;"PLANALTINA II";-15.729360;-47.653530;(parado);"03/02/2026 01:12:37"
546384694;"PLANALTINA II";-15.729360;-47.653530;(parado);"03/02/2026 01:12:38"
546384717;"PLANALTINA II";-15.729360;-47.653530;(parado);"03/02/2026 01:12:39"
546384736;"PLANALTINA II";-15.729360;-47.653530;(parado);"03/02/2026 01:12:40"
546384756;"PLANALTINA II";-15.729360;-47.653530;(parado);"03/02/2026 01:12:41"
546384778;"PLANALTINA II";-15.729360;-47.653530;(parado);"03/02/2026 01:12:42"
546384800;"PLANALTINA II";-15.729360;-47.653530;(parado);"03/02/2026 01:12:43"
546384821;"PLANALTINA II";-15.729360;-47.653530;(parado);"03/02/2026 01:12:44"
546384863;"PLANALTINA II";-15.729360;-47.653530;(parado);"03/02/2026 01:12:46"
546384884;"PLANALTINA II";-15.729360;-47.653530;(parado);"03/02/2026 01:12:47"
546384903;"PLANALTINA II";-15.729360;-47.653530;(parado);"03/02/2026 01:12:48"
546384926;"PLANALTINA II";-15.729360;-47.653530;(parado);"03/02/2026 01:12:49"
546384948;"PLANALTINA II";-15.729360;-47.653530;(parado);"03/02/2026 01:12:50"
546384968;"PLANALTINA II";-15.729360;-47.653530;(parado);"03/02/2026 01:12:51"
546384990;"PLANALTINA II";-15.729360;-47.653530;(parado);"03/02/2026 01:12:52"
546385012;"PLANALTINA II";-15.729360;-47.653530;(parado);"03/02/2026 01:12:53"
546385035;"PLANALTINA II";-15.729360;-47.653530;(parado);"03/02/2026 01:12:54"
546385056;"PLANALTINA II";-15.729360;-47.653530;(parado);"03/02/2026 01:12:55"
546385079;"PLANALTINA II";-15.729360;-47.653530;(parado);"03/02/2026 01:12:56"
546385099;"PLANALTINA II";-15.729360;-47.653530;(parado);"03/02/2026 01:12:57"
546385121;"PLANALTINA II";-15.729360;-47.653530;(parado);"03/02/2026 01:12:58"
546385143;"PLANALTINA II";-15.729360;-47.653530;(parado);"03/02/2026 01:12:59"
546385167;"PLANALTINA II";-15.729360;-47.653530;(parado);"03/02/2026 01:13:01"
546385188;"PLANALTINA II";-15.729360;-47.653530;(parado);"03/02/2026 01:13:02"
546385209;"PLANALTINA II";-15.729360;-47.653530;(parado);"03/02/2026 01:13:02"
546385231;"PLANALTINA II";-15.729360;-47.653530;(parado);"03/02/2026 01:13:03"
546385252;"PLANALTINA II";-15.729360;-47.653530;(parado);"03/02/2026 01:13:05"
546385272;"PLANALTINA II";-15.729360;-47.653530;(parado);"03/02/2026 01:13:06"
546385292;"PLANALTINA II";-15.729360;-47.653530;(parado);"03/02/2026 01:13:07"
546385314;"PLANALTINA II";-15.729360;-47.653530;(parado);"03/02/2026 01:13:08"
546385336;"PLANALTINA II";-15.729360;-47.653530;(parado);"03/02/2026 01:13:09"
546385358;"PLANALTINA II";-15.729360;-47.653530;(parado);"03/02/2026 01:13:10"
546385381;"PLANALTINA II";-15.729360;-47.653530;(parado);"03/02/2026 01:13:11"
546385403;"PLANALTINA II";-15.729360;-47.653530;(parado);"03/02/2026 01:13:12"
546385424;"PLANALTINA II";-15.729360;-47.653530;(parado);"03/02/2026 01:13:13"
546385450;"PLANALTINA II";-15.729360;-47.653530;(parado);"03/02/2026 01:13:14"
546385468;"PLANALTINA II";-15.729360;-47.653530;(parado);"03/02/2026 01:13:15"
546385496;"PLANALTINA II";-15.729360;-47.653530;(parado);"03/02/2026 01:13:16"
546385585;"PLANALTINA II";-15.729360;-47.653530;(parado);"03/02/2026 01:13:20"
546385691;"PLANALTINA II";-15.729360;-47.653530;(parado);"03/02/2026 01:13:25"
546385692;"PLANALTINA II";-15.729360;-47.653530;(parado);"03/02/2026 01:13:25"
546385693;"PLANALTINA II";-15.729360;-47.653530;(parado);"03/02/2026 01:13:25"
546385720;"PLANALTINA II";-15.729360;-47.653530;(parado);"03/02/2026 01:13:27"
546385721;"PLANALTINA II";-15.729360;-47.653530;(parado);"03/02/2026 01:13:27"
546385722;"PLANALTINA II";-15.729360;-47.653530;(parado);"03/02/2026 01:13:27"
546385725;"PLANALTINA II";-15.729360;-47.653530;(parado);"03/02/2026 01:13:27"
546385726;"PLANALTINA II";-15.729360;-47.653530;(parado);"03/02/2026 01:13:27"
546385813;"PLANALTINA II";-15.729435;-47.653519;7km/h;"03/02/2026 01:13:31"
546385834;"PLANALTINA II";-15.729453;-47.653515;9km/h;"03/02/2026 01:13:32"
546385858;"PLANALTINA II";-15.729475;-47.653507;8km/h;"03/02/2026 01:13:33"
546385873;"PLANALTINA II";-15.729493;-47.653500;8km/h;"03/02/2026 01:13:34"
546385899;"PLANALTINA II";-15.729510;-47.653500;8km/h;"03/02/2026 01:13:35"
546385938;"PLANALTINA II";-15.729557;-47.653500;10km/h;"03/02/2026 01:13:37"
546385965;"PLANALTINA II";-15.729584;-47.653496;10km/h;"03/02/2026 01:13:38"
546385985;"PLANALTINA II";-15.729611;-47.653492;12km/h;"03/02/2026 01:13:39"
546386013;"PLANALTINA II";-15.729638;-47.653488;11km/h;"03/02/2026 01:13:41"
546386030;"PLANALTINA II";-15.729665;-47.653488;11km/h;"03/02/2026 01:13:41"
546386049;"PLANALTINA II";-15.729698;-47.653488;13km/h;"03/02/2026 01:13:42"
546386066;"PLANALTINA II";-15.729735;-47.653488;15km/h;"03/02/2026 01:13:43"
546386090;"PLANALTINA II";-15.729772;-47.653481;16km/h;"03/02/2026 01:13:44"
546386110;"PLANALTINA II";-15.729815;-47.653481;18km/h;"03/02/2026 01:13:45"
546386132;"PLANALTINA II";-15.729861;-47.653481;17km/h;"03/02/2026 01:13:46"
546386153;"PLANALTINA II";-15.729910;-47.653477;21km/h;"03/02/2026 01:13:47"
546386177;"PLANALTINA II";-15.729965;-47.653477;22km/h;"03/02/2026 01:13:48"
546386197;"PLANALTINA II";-15.730020;-47.653477;21km/h;"03/02/2026 01:13:49"
546386218;"PLANALTINA II";-15.730075;-47.653477;22km/h;"03/02/2026 01:13:50"
546386241;"PLANALTINA II";-15.730130;-47.653473;22km/h;"03/02/2026 01:13:51"
546386264;"PLANALTINA II";-15.730186;-47.653469;23km/h;"03/02/2026 01:13:52"
546386286;"PLANALTINA II";-15.730247;-47.653461;24km/h;"03/02/2026 01:13:53"
546386305;"PLANALTINA II";-15.730307;-47.653454;23km/h;"03/02/2026 01:13:54"
546386382;"PLANALTINA II";-15.730362;-47.653450;22km/h;"03/02/2026 01:13:58"
546386429;"PLANALTINA II";-15.730430;-47.653450;22km/h;"03/02/2026 01:14:00"
546386430;"PLANALTINA II";-15.730487;-47.653446;23km/h;"03/02/2026 01:14:00"
546386432;"PLANALTINA II";-15.730540;-47.653435;24km/h;"03/02/2026 01:14:00"
546386437;"PLANALTINA II";-15.730594;-47.653416;25km/h;"03/02/2026 01:14:00"
546386438;"PLANALTINA II";-15.730652;-47.653404;22km/h;"03/02/2026 01:14:00"
546386461;"PLANALTINA II";-15.730708;-47.653404;20km/h;"03/02/2026 01:14:02"
546386475;"PLANALTINA II";-15.730762;-47.653412;22km/h;"03/02/2026 01:14:02"
546386494;"PLANALTINA II";-15.730819;-47.653400;21km/h;"03/02/2026 01:14:03"
546386518;"PLANALTINA II";-15.730877;-47.653400;22km/h;"03/02/2026 01:14:04"
546386547;"PLANALTINA II";-15.730937;-47.653400;24km/h;"03/02/2026 01:14:06"
546386562;"PLANALTINA II";-15.731004;-47.653397;26km/h;"03/02/2026 01:14:06"
546386584;"PLANALTINA II";-15.731078;-47.653393;27km/h;"03/02/2026 01:14:07"
546386604;"PLANALTINA II";-15.731152;-47.653393;29km/h;"03/02/2026 01:14:08"
546386625;"PLANALTINA II";-15.731232;-47.653389;28km/h;"03/02/2026 01:14:09"
546386647;"PLANALTINA II";-15.731308;-47.653378;28km/h;"03/02/2026 01:14:10"
546386669;"PLANALTINA II";-15.731465;-47.653358;29km/h;"03/02/2026 01:14:11"
546386691;"PLANALTINA II";-15.731542;-47.653343;29km/h;"03/02/2026 01:14:12"
546386713;"PLANALTINA II";-15.731622;-47.653332;31km/h;"03/02/2026 01:14:13"
546386736;"PLANALTINA II";-15.731697;-47.653309;30km/h;"03/02/2026 01:14:14"
546386755;"PLANALTINA II";-15.731770;-47.653294;30km/h;"03/02/2026 01:14:15"
546386777;"PLANALTINA II";-15.731849;-47.653278;29km/h;"03/02/2026 01:14:16"
546386798;"PLANALTINA II";-15.731915;-47.653267;26km/h;"03/02/2026 01:14:17"
546386820;"PLANALTINA II";-15.731987;-47.653259;27km/h;"03/02/2026 01:14:19"
546386840;"PLANALTINA II";-15.732055;-47.653255;28km/h;"03/02/2026 01:14:19"
546386869;"PLANALTINA II";-15.732120;-47.653255;27km/h;"03/02/2026 01:14:21"
546386883;"PLANALTINA II";-15.732185;-47.653252;27km/h;"03/02/2026 01:14:21"
546386904;"PLANALTINA II";-15.732252;-47.653248;26km/h;"03/02/2026 01:14:22"
546386926;"PLANALTINA II";-15.732318;-47.653244;25km/h;"03/02/2026 01:14:23"
546386947;"PLANALTINA II";-15.732389;-47.653236;27km/h;"03/02/2026 01:14:24"
546386969;"PLANALTINA II";-15.732458;-47.653225;27km/h;"03/02/2026 01:14:25"
546387012;"PLANALTINA II";-15.732602;-47.653214;28km/h;"03/02/2026 01:14:28"
546387033;"PLANALTINA II";-15.732672;-47.653202;27km/h;"03/02/2026 01:14:29"
546387053;"PLANALTINA II";-15.732740;-47.653187;26km/h;"03/02/2026 01:14:29"
546387075;"PLANALTINA II";-15.732801;-47.653172;23km/h;"03/02/2026 01:14:31"
546387095;"PLANALTINA II";-15.732862;-47.653164;22km/h;"03/02/2026 01:14:32"
546387117;"PLANALTINA II";-15.732919;-47.653156;21km/h;"03/02/2026 01:14:33"
546387139;"PLANALTINA II";-15.732975;-47.653149;22km/h;"03/02/2026 01:14:34"
546387163;"PLANALTINA II";-15.733031;-47.653145;23km/h;"03/02/2026 01:14:35"
546387183;"PLANALTINA II";-15.733090;-47.653137;25km/h;"03/02/2026 01:14:36"
546387205;"PLANALTINA II";-15.733150;-47.653126;24km/h;"03/02/2026 01:14:37"
546387227;"PLANALTINA II";-15.733205;-47.653114;23km/h;"03/02/2026 01:14:38"
546387248;"PLANALTINA II";-15.733263;-47.653103;24km/h;"03/02/2026 01:14:39"
546387270;"PLANALTINA II";-15.733325;-47.653091;25km/h;"03/02/2026 01:14:40"
546387292;"PLANALTINA II";-15.733387;-47.653076;27km/h;"03/02/2026 01:14:41"
546387314;"PLANALTINA II";-15.733450;-47.653065;26km/h;"03/02/2026 01:14:42"
546387336;"PLANALTINA II";-15.733515;-47.653053;26km/h;"03/02/2026 01:14:43"
546387358;"PLANALTINA II";-15.733579;-47.653042;26km/h;"03/02/2026 01:14:44"
546387380;"PLANALTINA II";-15.733648;-47.653027;28km/h;"03/02/2026 01:14:45"
546387400;"PLANALTINA II";-15.733722;-47.653015;29km/h;"03/02/2026 01:14:46"
546387420;"PLANALTINA II";-15.733798;-47.653000;31km/h;"03/02/2026 01:14:47"
546387440;"PLANALTINA II";-15.733867;-47.652985;31km/h;"03/02/2026 01:14:48"
546387462;"PLANALTINA II";-15.733940;-47.652985;29km/h;"03/02/2026 01:14:49"
546387484;"PLANALTINA II";-15.734014;-47.652981;31km/h;"03/02/2026 01:14:50"
546387505;"PLANALTINA II";-15.734083;-47.652973;29km/h;"03/02/2026 01:14:51"
546387527;"PLANALTINA II";-15.734155;-47.652966;28km/h;"03/02/2026 01:14:52"
546387549;"PLANALTINA II";-15.734223;-47.652950;28km/h;"03/02/2026 01:14:53"
546387570;"PLANALTINA II";-15.734290;-47.652939;27km/h;"03/02/2026 01:14:54"
546387592;"PLANALTINA II";-15.734359;-47.652927;28km/h;"03/02/2026 01:14:55"
546387613;"PLANALTINA II";-15.734431;-47.652920;29km/h;"03/02/2026 01:14:56"
546387635;"PLANALTINA II";-15.734505;-47.652912;29km/h;"03/02/2026 01:14:57"
546387657;"PLANALTINA II";-15.734573;-47.652912;29km/h;"03/02/2026 01:14:58"
546387679;"PLANALTINA II";-15.734649;-47.652908;30km/h;"03/02/2026 01:14:59"
546387701;"PLANALTINA II";-15.734723;-47.652905;30km/h;"03/02/2026 01:15:00"
546387723;"PLANALTINA II";-15.734798;-47.652897;31km/h;"03/02/2026 01:15:01"
546387745;"PLANALTINA II";-15.734877;-47.652885;32km/h;"03/02/2026 01:15:02"
546387766;"PLANALTINA II";-15.734953;-47.652874;31km/h;"03/02/2026 01:15:03"
546387787;"PLANALTINA II";-15.735030;-47.652863;32km/h;"03/02/2026 01:15:04"
546387810;"PLANALTINA II";-15.735106;-47.652855;32km/h;"03/02/2026 01:15:05"
546387831;"PLANALTINA II";-15.735178;-47.652843;29km/h;"03/02/2026 01:15:06"
546387853;"PLANALTINA II";-15.735247;-47.652832;25km/h;"03/02/2026 01:15:07"
546387874;"PLANALTINA II";-15.735303;-47.652824;25km/h;"03/02/2026 01:15:08"
546387894;"PLANALTINA II";-15.735355;-47.652821;20km/h;"03/02/2026 01:15:09"
546387916;"PLANALTINA II";-15.735396;-47.652817;17km/h;"03/02/2026 01:15:10"
546387938;"PLANALTINA II";-15.735428;-47.652813;12km/h;"03/02/2026 01:15:11"
546387959;"PLANALTINA II";-15.735460;-47.652813;13km/h;"03/02/2026 01:15:12"
546387980;"PLANALTINA II";-15.735497;-47.652809;16km/h;"03/02/2026 01:15:13"
546388002;"PLANALTINA II";-15.735543;-47.652805;21km/h;"03/02/2026 01:15:14"
546388023;"PLANALTINA II";-15.735605;-47.652802;25km/h;"03/02/2026 01:15:15"
546388045;"PLANALTINA II";-15.735665;-47.652794;27km/h;"03/02/2026 01:15:16"
546388087;"PLANALTINA II";-15.735797;-47.652775;30km/h;"03/02/2026 01:15:18"
546388108;"PLANALTINA II";-15.735882;-47.652763;33km/h;"03/02/2026 01:15:19"
546388128;"PLANALTINA II";-15.735976;-47.652756;35km/h;"03/02/2026 01:15:20"
546388150;"PLANALTINA II";-15.736069;-47.652748;36km/h;"03/02/2026 01:15:21"
546388171;"PLANALTINA II";-15.736160;-47.652737;35km/h;"03/02/2026 01:15:22"
546388191;"PLANALTINA II";-15.736254;-47.652729;36km/h;"03/02/2026 01:15:23"
546388214;"PLANALTINA II";-15.736346;-47.652718;38km/h;"03/02/2026 01:15:24"
546388235;"PLANALTINA II";-15.736440;-47.652706;36km/h;"03/02/2026 01:15:25"
546388258;"PLANALTINA II";-15.736525;-47.652687;32km/h;"03/02/2026 01:15:26"
546388280;"PLANALTINA II";-15.736597;-47.652683;27km/h;"03/02/2026 01:15:27"
546388302;"PLANALTINA II";-15.736657;-47.652676;23km/h;"03/02/2026 01:15:28"
546388322;"PLANALTINA II";-15.736703;-47.652668;20km/h;"03/02/2026 01:15:29"
546388344;"PLANALTINA II";-15.736743;-47.652657;18km/h;"03/02/2026 01:15:30"
546388367;"PLANALTINA II";-15.736785;-47.652645;19km/h;"03/02/2026 01:15:31"
546388388;"PLANALTINA II";-15.736832;-47.652630;20km/h;"03/02/2026 01:15:32"
546388410;"PLANALTINA II";-15.736887;-47.652618;24km/h;"03/02/2026 01:15:33"
546388431;"PLANALTINA II";-15.736952;-47.652603;27km/h;"03/02/2026 01:15:34"
546388455;"PLANALTINA II";-15.737023;-47.652580;30km/h;"03/02/2026 01:15:35"
546388476;"PLANALTINA II";-15.737102;-47.652554;33km/h;"03/02/2026 01:15:36"
546388493;"PLANALTINA II";-15.737180;-47.652527;33km/h;"03/02/2026 01:15:37"
546388514;"PLANALTINA II";-15.737347;-47.652470;33km/h;"03/02/2026 01:15:38"
546388537;"PLANALTINA II";-15.737420;-47.652447;31km/h;"03/02/2026 01:15:39"
546388561;"PLANALTINA II";-15.737485;-47.652424;27km/h;"03/02/2026 01:15:40"
546388582;"PLANALTINA II";-15.737543;-47.652405;24km/h;"03/02/2026 01:15:41"
546388603;"PLANALTINA II";-15.737594;-47.652393;21km/h;"03/02/2026 01:15:42"
546388625;"PLANALTINA II";-15.737632;-47.652390;14km/h;"03/02/2026 01:15:43"
546388651;"PLANALTINA II";-15.737654;-47.652393;10km/h;"03/02/2026 01:15:45"
546388674;"PLANALTINA II";-15.737668;-47.652393;8km/h;"03/02/2026 01:15:46"
546388690;"PLANALTINA II";-15.737687;-47.652405;11km/h;"03/02/2026 01:15:47"
546388711;"PLANALTINA II";-15.737715;-47.652420;11km/h;"03/02/2026 01:15:47"
546388733;"PLANALTINA II";-15.737735;-47.652447;11km/h;"03/02/2026 01:15:48"
546388756;"PLANALTINA II";-15.737743;-47.652481;11km/h;"03/02/2026 01:15:50"
546388782;"PLANALTINA II";-15.737748;-47.652519;14km/h;"03/02/2026 01:15:51"
546388800;"PLANALTINA II";-15.737748;-47.652561;15km/h;"03/02/2026 01:15:52"
546388820;"PLANALTINA II";-15.737748;-47.652599;14km/h;"03/02/2026 01:15:52"
546388843;"PLANALTINA II";-15.737745;-47.652645;16km/h;"03/02/2026 01:15:54"
546388864;"PLANALTINA II";-15.737741;-47.652687;20km/h;"03/02/2026 01:15:54"
546388886;"PLANALTINA II";-15.737737;-47.652752;24km/h;"03/02/2026 01:15:56"
546388907;"PLANALTINA II";-15.737735;-47.652828;29km/h;"03/02/2026 01:15:57"
546388930;"PLANALTINA II";-15.737730;-47.652908;29km/h;"03/02/2026 01:15:58"
546388951;"PLANALTINA II";-15.737732;-47.652988;32km/h;"03/02/2026 01:15:59"
546388976;"PLANALTINA II";-15.737730;-47.653076;32km/h;"03/02/2026 01:16:00"
546388993;"PLANALTINA II";-15.737728;-47.653156;29km/h;"03/02/2026 01:16:01"
546389014;"PLANALTINA II";-15.737728;-47.653221;26km/h;"03/02/2026 01:16:02"
546389036;"PLANALTINA II";-15.737723;-47.653278;23km/h;"03/02/2026 01:16:03"
546389056;"PLANALTINA II";-15.737720;-47.653332;22km/h;"03/02/2026 01:16:04"
546389077;"PLANALTINA II";-15.737720;-47.653370;20km/h;"03/02/2026 01:16:05"
546389101;"PLANALTINA II";-15.737720;-47.653408;18km/h;"03/02/2026 01:16:06"
546389123;"PLANALTINA II";-15.737720;-47.653450;16km/h;"03/02/2026 01:16:07"
546389163;"PLANALTINA II";-15.737717;-47.653542;20km/h;"03/02/2026 01:16:09"
546389184;"PLANALTINA II";-15.737720;-47.653599;22km/h;"03/02/2026 01:16:10"
546389204;"PLANALTINA II";-15.737728;-47.653664;23km/h;"03/02/2026 01:16:11"
546389227;"PLANALTINA II";-15.737733;-47.653721;23km/h;"03/02/2026 01:16:12"
546389248;"PLANALTINA II";-15.737739;-47.653774;21km/h;"03/02/2026 01:16:13"
546389269;"PLANALTINA II";-15.737745;-47.653820;18km/h;"03/02/2026 01:16:14"
546389292;"PLANALTINA II";-15.737752;-47.653854;15km/h;"03/02/2026 01:16:15"
546389314;"PLANALTINA II";-15.737760;-47.653896;16km/h;"03/02/2026 01:16:16"
546389352;"PLANALTINA II";-15.737768;-47.653938;16km/h;"03/02/2026 01:16:17"
546389357;"PLANALTINA II";-15.737779;-47.653980;17km/h;"03/02/2026 01:16:18"
546389380;"PLANALTINA II";-15.737783;-47.654011;13km/h;"03/02/2026 01:16:19"
546389399;"PLANALTINA II";-15.737795;-47.654030;13km/h;"03/02/2026 01:16:20"
546389442;"PLANALTINA II";-15.737812;-47.654057;12km/h;"03/02/2026 01:16:22"
546389443;"PLANALTINA II";-15.737830;-47.654060;12km/h;"03/02/2026 01:16:22"
546389465;"PLANALTINA II";-15.737864;-47.654064;13km/h;"03/02/2026 01:16:23"
546389489;"PLANALTINA II";-15.737902;-47.654060;15km/h;"03/02/2026 01:16:24"
546389510;"PLANALTINA II";-15.737945;-47.654057;18km/h;"03/02/2026 01:16:25"
546389532;"PLANALTINA II";-15.737990;-47.654045;19km/h;"03/02/2026 01:16:26"
546389553;"PLANALTINA II";-15.738037;-47.654030;19km/h;"03/02/2026 01:16:27"
546389571;"PLANALTINA II";-15.738085;-47.654022;19km/h;"03/02/2026 01:16:28"
546389592;"PLANALTINA II";-15.738135;-47.654022;21km/h;"03/02/2026 01:16:29"
546389614;"PLANALTINA II";-15.738190;-47.654018;24km/h;"03/02/2026 01:16:30"
546389635;"PLANALTINA II";-15.738250;-47.654018;23km/h;"03/02/2026 01:16:31"
546389657;"PLANALTINA II";-15.738307;-47.654022;22km/h;"03/02/2026 01:16:32"
546389679;"PLANALTINA II";-15.738368;-47.654022;23km/h;"03/02/2026 01:16:33"
546389700;"PLANALTINA II";-15.738428;-47.654018;22km/h;"03/02/2026 01:16:34"
546389725;"PLANALTINA II";-15.738479;-47.654018;20km/h;"03/02/2026 01:16:35"
546389743;"PLANALTINA II";-15.738530;-47.654015;22km/h;"03/02/2026 01:16:36"
546389765;"PLANALTINA II";-15.738586;-47.654007;24km/h;"03/02/2026 01:16:37"
546389788;"PLANALTINA II";-15.738644;-47.653996;22km/h;"03/02/2026 01:16:38"
546389811;"PLANALTINA II";-15.738698;-47.653984;23km/h;"03/02/2026 01:16:39"
546389830;"PLANALTINA II";-15.738751;-47.653976;23km/h;"03/02/2026 01:16:40"
546389852;"PLANALTINA II";-15.738807;-47.653965;23km/h;"03/02/2026 01:16:41"
546389874;"PLANALTINA II";-15.738850;-47.653938;23km/h;"03/02/2026 01:16:42"
546389896;"PLANALTINA II";-15.738896;-47.653938;19km/h;"03/02/2026 01:16:43"
546389918;"PLANALTINA II";-15.738938;-47.653957;18km/h;"03/02/2026 01:16:44"
546389940;"PLANALTINA II";-15.738956;-47.653999;17km/h;"03/02/2026 01:16:45"
546389962;"PLANALTINA II";-15.738968;-47.654049;19km/h;"03/02/2026 01:16:46"
546389983;"PLANALTINA II";-15.738974;-47.654099;19km/h;"03/02/2026 01:16:47"
546390005;"PLANALTINA II";-15.738974;-47.654140;17km/h;"03/02/2026 01:16:48"
546390026;"PLANALTINA II";-15.738970;-47.654179;16km/h;"03/02/2026 01:16:49"
546390046;"PLANALTINA II";-15.738965;-47.654228;20km/h;"03/02/2026 01:16:50"
546390068;"PLANALTINA II";-15.738960;-47.654282;20km/h;"03/02/2026 01:16:51"
546390090;"PLANALTINA II";-15.738961;-47.654343;22km/h;"03/02/2026 01:16:52"
546390111;"PLANALTINA II";-15.738967;-47.654408;23km/h;"03/02/2026 01:16:53"
546390137;"PLANALTINA II";-15.738970;-47.654465;22km/h;"03/02/2026 01:16:54"
546390166;"PLANALTINA II";-15.738972;-47.654533;26km/h;"03/02/2026 01:16:56"
546390177;"PLANALTINA II";-15.738978;-47.654610;29km/h;"03/02/2026 01:16:56"
546390197;"PLANALTINA II";-15.738983;-47.654694;31km/h;"03/02/2026 01:16:57"
546390240;"PLANALTINA II";-15.738990;-47.654846;27km/h;"03/02/2026 01:16:59"
546390260;"PLANALTINA II";-15.738994;-47.654930;29km/h;"03/02/2026 01:17:00"
546390282;"PLANALTINA II";-15.738994;-47.655010;31km/h;"03/02/2026 01:17:01"
546390304;"PLANALTINA II";-15.738992;-47.655094;30km/h;"03/02/2026 01:17:02"
546390324;"PLANALTINA II";-15.738997;-47.655182;32km/h;"03/02/2026 01:17:03"
546390346;"PLANALTINA II";-15.739007;-47.655346;31km/h;"03/02/2026 01:17:04"
546390368;"PLANALTINA II";-15.739007;-47.655422;27km/h;"03/02/2026 01:17:05"
546390389;"PLANALTINA II";-15.739010;-47.655495;25km/h;"03/02/2026 01:17:06"
546390414;"PLANALTINA II";-15.739012;-47.655567;26km/h;"03/02/2026 01:17:07"
546390438;"PLANALTINA II";-15.739014;-47.655640;26km/h;"03/02/2026 01:17:09"
546390463;"PLANALTINA II";-15.739012;-47.655712;27km/h;"03/02/2026 01:17:10"
546390477;"PLANALTINA II";-15.739012;-47.655788;27km/h;"03/02/2026 01:17:10"
546390497;"PLANALTINA II";-15.739012;-47.655857;26km/h;"03/02/2026 01:17:11"
546390521;"PLANALTINA II";-15.739010;-47.655922;25km/h;"03/02/2026 01:17:12"
546390549;"PLANALTINA II";-15.739008;-47.655987;25km/h;"03/02/2026 01:17:14"
546390567;"PLANALTINA II";-15.739012;-47.656059;27km/h;"03/02/2026 01:17:15"
546390586;"PLANALTINA II";-15.739014;-47.656124;25km/h;"03/02/2026 01:17:15"
546390608;"PLANALTINA II";-15.739017;-47.656185;23km/h;"03/02/2026 01:17:16"
546390630;"PLANALTINA II";-15.739020;-47.656239;20km/h;"03/02/2026 01:17:18"
546390651;"PLANALTINA II";-15.739023;-47.656273;15km/h;"03/02/2026 01:17:19"
546390676;"PLANALTINA II";-15.739017;-47.656288;10km/h;"03/02/2026 01:17:20"
546390694;"PLANALTINA II";-15.739007;-47.656303;8km/h;"03/02/2026 01:17:21"
546390725;"PLANALTINA II";-15.739007;-47.656311;8km/h;"03/02/2026 01:17:22"
546390735;"PLANALTINA II";-15.739007;-47.656326;6km/h;"03/02/2026 01:17:23"
546390765;"PLANALTINA II";-15.739010;-47.656342;9km/h;"03/02/2026 01:17:24"
546390777;"PLANALTINA II";-15.739015;-47.656368;11km/h;"03/02/2026 01:17:25"
546390801;"PLANALTINA II";-15.739020;-47.656414;15km/h;"03/02/2026 01:17:26"
546390820;"PLANALTINA II";-15.739023;-47.656456;15km/h;"03/02/2026 01:17:27"
546390845;"PLANALTINA II";-15.739028;-47.656498;15km/h;"03/02/2026 01:17:28"
546390864;"PLANALTINA II";-15.739034;-47.656528;13km/h;"03/02/2026 01:17:29"
546390892;"PLANALTINA II";-15.739041;-47.656551;10km/h;"03/02/2026 01:17:30"
546390907;"PLANALTINA II";-15.739057;-47.656578;10km/h;"03/02/2026 01:17:31"
546390930;"PLANALTINA II";-15.739072;-47.656590;9km/h;"03/02/2026 01:17:32"
546390951;"PLANALTINA II";-15.739087;-47.656605;9km/h;"03/02/2026 01:17:33"
546390974;"PLANALTINA II";-15.739097;-47.656624;7km/h;"03/02/2026 01:17:34"
546390999;"PLANALTINA II";-15.739112;-47.656635;9km/h;"03/02/2026 01:17:35"
546391030;"PLANALTINA II";-15.739132;-47.656643;8km/h;"03/02/2026 01:17:36"
546391047;"PLANALTINA II";-15.739165;-47.656651;13km/h;"03/02/2026 01:17:37"
546391063;"PLANALTINA II";-15.739200;-47.656651;14km/h;"03/02/2026 01:17:38"
546391089;"PLANALTINA II";-15.739237;-47.656651;12km/h;"03/02/2026 01:17:39"
546391103;"PLANALTINA II";-15.739268;-47.656658;14km/h;"03/02/2026 01:17:40"
546391126;"PLANALTINA II";-15.739305;-47.656662;14km/h;"03/02/2026 01:17:41"
546391145;"PLANALTINA II";-15.739338;-47.656662;12km/h;"03/02/2026 01:17:42"
546391168;"PLANALTINA II";-15.739370;-47.656658;12km/h;"03/02/2026 01:17:43"
546391188;"PLANALTINA II";-15.739395;-47.656654;11km/h;"03/02/2026 01:17:44"
546391216;"PLANALTINA II";-15.739415;-47.656651;8km/h;"03/02/2026 01:17:45"
546391230;"PLANALTINA II";-15.739435;-47.656651;12km/h;"03/02/2026 01:17:46"
546391255;"PLANALTINA II";-15.739465;-47.656647;13km/h;"03/02/2026 01:17:47"
546391277;"PLANALTINA II";-15.739507;-47.656643;15km/h;"03/02/2026 01:17:48"
546391320;"PLANALTINA II";-15.739583;-47.656643;14km/h;"03/02/2026 01:17:50"
546391341;"PLANALTINA II";-15.739623;-47.656651;13km/h;"03/02/2026 01:17:51"
546391358;"PLANALTINA II";-15.739656;-47.656673;12km/h;"03/02/2026 01:17:52"
546391380;"PLANALTINA II";-15.739680;-47.656696;11km/h;"03/02/2026 01:17:53"
546391401;"PLANALTINA II";-15.739700;-47.656712;9km/h;"03/02/2026 01:17:54"
546391423;"PLANALTINA II";-15.739717;-47.656731;11km/h;"03/02/2026 01:17:55"
546391445;"PLANALTINA II";-15.739735;-47.656754;9km/h;"03/02/2026 01:17:56"
546391466;"PLANALTINA II";-15.739747;-47.656769;8km/h;"03/02/2026 01:17:57"
546391491;"PLANALTINA II";-15.739750;-47.656788;7km/h;"03/02/2026 01:17:58"
546391510;"PLANALTINA II";-15.739750;-47.656799;5km/h;"03/02/2026 01:17:59"
546391532;"PLANALTINA II";-15.739752;-47.656818;7km/h;"03/02/2026 01:18:00"
546391553;"PLANALTINA II";-15.739752;-47.656841;8km/h;"03/02/2026 01:18:01"
546391575;"PLANALTINA II";-15.739754;-47.656868;10km/h;"03/02/2026 01:18:02"
546391597;"PLANALTINA II";-15.739755;-47.656898;12km/h;"03/02/2026 01:18:03"
546391619;"PLANALTINA II";-15.739754;-47.656937;13km/h;"03/02/2026 01:18:04"
546391641;"PLANALTINA II";-15.739750;-47.656967;15km/h;"03/02/2026 01:18:05"
546391663;"PLANALTINA II";-15.739748;-47.656998;15km/h;"03/02/2026 01:18:06"
546391685;"PLANALTINA II";-15.739750;-47.657040;17km/h;"03/02/2026 01:18:07"
546391705;"PLANALTINA II";-15.739754;-47.657082;16km/h;"03/02/2026 01:18:08"
546391725;"PLANALTINA II";-15.739761;-47.657120;15km/h;"03/02/2026 01:18:09"
546391746;"PLANALTINA II";-15.739772;-47.657158;14km/h;"03/02/2026 01:18:10"
546391768;"PLANALTINA II";-15.739780;-47.657192;13km/h;"03/02/2026 01:18:11"
546391791;"PLANALTINA II";-15.739787;-47.657215;10km/h;"03/02/2026 01:18:12"
546391812;"PLANALTINA II";-15.739792;-47.657246;10km/h;"03/02/2026 01:18:13"
546391834;"PLANALTINA II";-15.739795;-47.657261;6km/h;"03/02/2026 01:18:14"
546391857;"PLANALTINA II";-15.739795;-47.657280;7km/h;"03/02/2026 01:18:15"
546391876;"PLANALTINA II";-15.739797;-47.657295;7km/h;"03/02/2026 01:18:16"
546391898;"PLANALTINA II";-15.739799;-47.657307;5km/h;"03/02/2026 01:18:17"
546391921;"PLANALTINA II";-15.739799;-47.657326;6km/h;"03/02/2026 01:18:18"
546391946;"PLANALTINA II";-15.739795;-47.657345;5km/h;"03/02/2026 01:18:19"
546391967;"PLANALTINA II";-15.739794;-47.657360;5km/h;"03/02/2026 01:18:20"
546391990;"PLANALTINA II";-15.739792;-47.657364;6km/h;"03/02/2026 01:18:21"
546392012;"PLANALTINA II";-15.739799;-47.657387;6km/h;"03/02/2026 01:18:22"
546392035;"PLANALTINA II";-15.739795;-47.657394;7km/h;"03/02/2026 01:18:23"
546392059;"PLANALTINA II";-15.739797;-47.657413;8km/h;"03/02/2026 01:18:24"
546392080;"PLANALTINA II";-15.739795;-47.657440;11km/h;"03/02/2026 01:18:25"
546392101;"PLANALTINA II";-15.739795;-47.657471;12km/h;"03/02/2026 01:18:26"
546392127;"PLANALTINA II";-15.739799;-47.657513;14km/h;"03/02/2026 01:18:27"
546392147;"PLANALTINA II";-15.739800;-47.657562;14km/h;"03/02/2026 01:18:28"
546392170;"PLANALTINA II";-15.739805;-47.657600;14km/h;"03/02/2026 01:18:29"
546392191;"PLANALTINA II";-15.739815;-47.657654;9km/h;"03/02/2026 01:18:30"
546392214;"PLANALTINA II";-15.739814;-47.657669;8km/h;"03/02/2026 01:18:31"
546392236;"PLANALTINA II";-15.739815;-47.657688;9km/h;"03/02/2026 01:18:32"
546392259;"PLANALTINA II";-15.739815;-47.657715;10km/h;"03/02/2026 01:18:33"
546392282;"PLANALTINA II";-15.739808;-47.657742;11km/h;"03/02/2026 01:18:34"
546392303;"PLANALTINA II";-15.739803;-47.657764;10km/h;"03/02/2026 01:18:35"
546392325;"PLANALTINA II";-15.739794;-47.657787;9km/h;"03/02/2026 01:18:36"
546392347;"PLANALTINA II";-15.739785;-47.657799;9km/h;"03/02/2026 01:18:37"
546392372;"PLANALTINA II";-15.739775;-47.657825;12km/h;"03/02/2026 01:18:38"
546392417;"PLANALTINA II";-15.739772;-47.657875;10km/h;"03/02/2026 01:18:40"
546392438;"PLANALTINA II";-15.739770;-47.657906;11km/h;"03/02/2026 01:18:41"
546392459;"PLANALTINA II";-15.739770;-47.657932;10km/h;"03/02/2026 01:18:42"
546392482;"PLANALTINA II";-15.739777;-47.657963;10km/h;"03/02/2026 01:18:43"
546392504;"PLANALTINA II";-15.739783;-47.657986;8km/h;"03/02/2026 01:18:44"
546392527;"PLANALTINA II";-15.739795;-47.658024;10km/h;"03/02/2026 01:18:45"
546392550;"PLANALTINA II";-15.739805;-47.658054;9km/h;"03/02/2026 01:18:46"
546392573;"PLANALTINA II";-15.739815;-47.658081;9km/h;"03/02/2026 01:18:47"
546392595;"PLANALTINA II";-15.739828;-47.658096;8km/h;"03/02/2026 01:18:48"
546392618;"PLANALTINA II";-15.739841;-47.658112;8km/h;"03/02/2026 01:18:50"
546392641;"PLANALTINA II";-15.739852;-47.658127;7km/h;"03/02/2026 01:18:50"
546392663;"PLANALTINA II";-15.739852;-47.658138;6km/h;"03/02/2026 01:18:52"
546392686;"PLANALTINA II";-15.739852;-47.658161;9km/h;"03/02/2026 01:18:53"
546392709;"PLANALTINA II";-15.739853;-47.658195;12km/h;"03/02/2026 01:18:54"
546392732;"PLANALTINA II";-15.739855;-47.658226;11km/h;"03/02/2026 01:18:55"
546392755;"PLANALTINA II";-15.739853;-47.658257;11km/h;"03/02/2026 01:18:56"
546392779;"PLANALTINA II";-15.739846;-47.658283;11km/h;"03/02/2026 01:18:57"
546392802;"PLANALTINA II";-15.739843;-47.658302;10km/h;"03/02/2026 01:18:58"
546392822;"PLANALTINA II";-15.739835;-47.658318;8km/h;"03/02/2026 01:18:59"
546392844;"PLANALTINA II";-15.739823;-47.658329;7km/h;"03/02/2026 01:19:00"
546392867;"PLANALTINA II";-15.739817;-47.658344;7km/h;"03/02/2026 01:19:01"
546392889;"PLANALTINA II";-15.739808;-47.658360;8km/h;"03/02/2026 01:19:02"
546392912;"PLANALTINA II";-15.739803;-47.658379;12km/h;"03/02/2026 01:19:03"
546392934;"PLANALTINA II";-15.739801;-47.658409;12km/h;"03/02/2026 01:19:04"
546392957;"PLANALTINA II";-15.739803;-47.658443;12km/h;"03/02/2026 01:19:05"
546392981;"PLANALTINA II";-15.739807;-47.658478;14km/h;"03/02/2026 01:19:06"
546393002;"PLANALTINA II";-15.739814;-47.658516;17km/h;"03/02/2026 01:19:07"
546393026;"PLANALTINA II";-15.739812;-47.658550;12km/h;"03/02/2026 01:19:08"
546393049;"PLANALTINA II";-15.739812;-47.658585;12km/h;"03/02/2026 01:19:09"
546393072;"PLANALTINA II";-15.739810;-47.658611;12km/h;"03/02/2026 01:19:10"
546393093;"PLANALTINA II";-15.739807;-47.658634;10km/h;"03/02/2026 01:19:11"
546393116;"PLANALTINA II";-15.739805;-47.658661;10km/h;"03/02/2026 01:19:12"
546393140;"PLANALTINA II";-15.739807;-47.658695;11km/h;"03/02/2026 01:19:13"
546393162;"PLANALTINA II";-15.739800;-47.658730;11km/h;"03/02/2026 01:19:14"
546393185;"PLANALTINA II";-15.739795;-47.658764;9km/h;"03/02/2026 01:19:15"
546393208;"PLANALTINA II";-15.739794;-47.658791;10km/h;"03/02/2026 01:19:16"
546393231;"PLANALTINA II";-15.739792;-47.658825;12km/h;"03/02/2026 01:19:17"
546393257;"PLANALTINA II";-15.739799;-47.658859;12km/h;"03/02/2026 01:19:18"
546393278;"PLANALTINA II";-15.739801;-47.658882;10km/h;"03/02/2026 01:19:19"
546393300;"PLANALTINA II";-15.739803;-47.658901;7km/h;"03/02/2026 01:19:20"
546393322;"PLANALTINA II";-15.739812;-47.658924;10km/h;"03/02/2026 01:19:21"
546393344;"PLANALTINA II";-15.739810;-47.658947;10km/h;"03/02/2026 01:19:22"
546393367;"PLANALTINA II";-15.739814;-47.658978;12km/h;"03/02/2026 01:19:23"
546393390;"PLANALTINA II";-15.739819;-47.659008;13km/h;"03/02/2026 01:19:24"
546393413;"PLANALTINA II";-15.739821;-47.659046;15km/h;"03/02/2026 01:19:25"
546393434;"PLANALTINA II";-15.739821;-47.659084;14km/h;"03/02/2026 01:19:26"
546393456;"PLANALTINA II";-15.739820;-47.659126;13km/h;"03/02/2026 01:19:27"
546393480;"PLANALTINA II";-15.739820;-47.659164;11km/h;"03/02/2026 01:19:28"
546393504;"PLANALTINA II";-15.739823;-47.659195;11km/h;"03/02/2026 01:19:29"
546393548;"PLANALTINA II";-15.739815;-47.659225;5km/h;"03/02/2026 01:19:31"
546393577;"PLANALTINA II";-15.739812;-47.659241;5km/h;"03/02/2026 01:19:33"
546393593;"PLANALTINA II";-15.739807;-47.659256;5km/h;"03/02/2026 01:19:33"
546393634;"PLANALTINA II";-15.739805;-47.659275;6km/h;"03/02/2026 01:19:35"
546435977;"PLANALTINA II";-15.738742;-47.653934;15km/h;"03/02/2026 01:52:29"
546436029;"PLANALTINA II";-15.738691;-47.653950;16km/h;"03/02/2026 01:52:31"
546436063;"PLANALTINA II";-15.738651;-47.653954;16km/h;"03/02/2026 01:52:32"
546436068;"PLANALTINA II";-15.738593;-47.653957;19km/h;"03/02/2026 01:52:33"
546436079;"PLANALTINA II";-15.738542;-47.653961;22km/h;"03/02/2026 01:52:33"
546436101;"PLANALTINA II";-15.738483;-47.653961;23km/h;"03/02/2026 01:52:34"
546436122;"PLANALTINA II";-15.738426;-47.653965;22km/h;"03/02/2026 01:52:35"
546436137;"PLANALTINA II";-15.738374;-47.653976;21km/h;"03/02/2026 01:52:36"
546436205;"PLANALTINA II";-15.738327;-47.653984;19km/h;"03/02/2026 01:52:39"
546436246;"PLANALTINA II";-15.738283;-47.653984;18km/h;"03/02/2026 01:52:40"
546436432;"PLANALTINA II";-15.738185;-47.653992;19km/h;"03/02/2026 01:52:48"
546436433;"PLANALTINA II";-15.738235;-47.653988;21km/h;"03/02/2026 01:52:48"
546436438;"PLANALTINA II";-15.738136;-47.653992;19km/h;"03/02/2026 01:52:49"
546436439;"PLANALTINA II";-15.738089;-47.653992;19km/h;"03/02/2026 01:52:49"
546436440;"PLANALTINA II";-15.738040;-47.653996;18km/h;"03/02/2026 01:52:49"
546436502;"PLANALTINA II";-15.737995;-47.654003;18km/h;"03/02/2026 01:52:51"
546436503;"PLANALTINA II";-15.737953;-47.654003;18km/h;"03/02/2026 01:52:51"
546436504;"PLANALTINA II";-15.737918;-47.654003;15km/h;"03/02/2026 01:52:51"
546436514;"PLANALTINA II";-15.737885;-47.653996;14km/h;"03/02/2026 01:52:52"
546436515;"PLANALTINA II";-15.737855;-47.653988;13km/h;"03/02/2026 01:52:52"
546436536;"PLANALTINA II";-15.737828;-47.653976;13km/h;"03/02/2026 01:52:53"
546436537;"PLANALTINA II";-15.737802;-47.653965;11km/h;"03/02/2026 01:52:53"
546436538;"PLANALTINA II";-15.737773;-47.653954;11km/h;"03/02/2026 01:52:53"
546436540;"PLANALTINA II";-15.737765;-47.653934;9km/h;"03/02/2026 01:52:53"
546436546;"PLANALTINA II";-15.737761;-47.653912;10km/h;"03/02/2026 01:52:53"
546436564;"PLANALTINA II";-15.737765;-47.653885;11km/h;"03/02/2026 01:52:54"
546436611;"PLANALTINA II";-15.737761;-47.653847;13km/h;"03/02/2026 01:52:56"
546436629;"PLANALTINA II";-15.737763;-47.653816;12km/h;"03/02/2026 01:52:57"
546436771;"PLANALTINA II";-15.737760;-47.653774;15km/h;"03/02/2026 01:53:03"
546436792;"PLANALTINA II";-15.737759;-47.653728;17km/h;"03/02/2026 01:53:04"
546436793;"PLANALTINA II";-15.737765;-47.653618;19km/h;"03/02/2026 01:53:04"
546436794;"PLANALTINA II";-15.737761;-47.653671;19km/h;"03/02/2026 01:53:04"
546436801;"PLANALTINA II";-15.737773;-47.653515;19km/h;"03/02/2026 01:53:04"
546436802;"PLANALTINA II";-15.737768;-47.653564;19km/h;"03/02/2026 01:53:04"
546436803;"PLANALTINA II";-15.737777;-47.653465;18km/h;"03/02/2026 01:53:04"
546436804;"PLANALTINA II";-15.737766;-47.653423;18km/h;"03/02/2026 01:53:04"
546436819;"PLANALTINA II";-15.737757;-47.653385;17km/h;"03/02/2026 01:53:05"
546436844;"PLANALTINA II";-15.737743;-47.653347;15km/h;"03/02/2026 01:53:06"
546436872;"PLANALTINA II";-15.737737;-47.653309;14km/h;"03/02/2026 01:53:07"
546436891;"PLANALTINA II";-15.737726;-47.653267;16km/h;"03/02/2026 01:53:08"
546436920;"PLANALTINA II";-15.737720;-47.653217;17km/h;"03/02/2026 01:53:09"
546436933;"PLANALTINA II";-15.737721;-47.653172;18km/h;"03/02/2026 01:53:10"
546436956;"PLANALTINA II";-15.737723;-47.653114;21km/h;"03/02/2026 01:53:11"
546437006;"PLANALTINA II";-15.737725;-47.653008;20km/h;"03/02/2026 01:53:13"
546437031;"PLANALTINA II";-15.737720;-47.652950;21km/h;"03/02/2026 01:53:14"
546437053;"PLANALTINA II";-15.737723;-47.652893;22km/h;"03/02/2026 01:53:15"
546437079;"PLANALTINA II";-15.737728;-47.652840;20km/h;"03/02/2026 01:53:16"
546437099;"PLANALTINA II";-15.737720;-47.652779;22km/h;"03/02/2026 01:53:17"
546437126;"PLANALTINA II";-15.737705;-47.652733;17km/h;"03/02/2026 01:53:18"
546437211;"PLANALTINA II";-15.737700;-47.652683;18km/h;"03/02/2026 01:53:22"
546437214;"PLANALTINA II";-15.737687;-47.652630;19km/h;"03/02/2026 01:53:22"
546437221;"PLANALTINA II";-15.737675;-47.652580;20km/h;"03/02/2026 01:53:22"
546437222;"PLANALTINA II";-15.737661;-47.652534;18km/h;"03/02/2026 01:53:22"
546437284;"PLANALTINA II";-15.737655;-47.652485;18km/h;"03/02/2026 01:53:25"
546437297;"PLANALTINA II";-15.737650;-47.652451;15km/h;"03/02/2026 01:53:26"
546437312;"PLANALTINA II";-15.737638;-47.652431;11km/h;"03/02/2026 01:53:26"
546437316;"PLANALTINA II";-15.737632;-47.652412;10km/h;"03/02/2026 01:53:26"
546437334;"PLANALTINA II";-15.737621;-47.652397;10km/h;"03/02/2026 01:53:27"
546437357;"PLANALTINA II";-15.737603;-47.652382;11km/h;"03/02/2026 01:53:28"
546437377;"PLANALTINA II";-15.737576;-47.652382;10km/h;"03/02/2026 01:53:29"
546437404;"PLANALTINA II";-15.737558;-47.652390;7km/h;"03/02/2026 01:53:30"
546437430;"PLANALTINA II";-15.737538;-47.652405;9km/h;"03/02/2026 01:53:31"
546437460;"PLANALTINA II";-15.737509;-47.652412;11km/h;"03/02/2026 01:53:33"
546437535;"PLANALTINA II";-15.737482;-47.652420;11km/h;"03/02/2026 01:53:36"
546437541;"PLANALTINA II";-15.737453;-47.652431;12km/h;"03/02/2026 01:53:36"
546437543;"PLANALTINA II";-15.737422;-47.652447;12km/h;"03/02/2026 01:53:36"
546437547;"PLANALTINA II";-15.737390;-47.652466;13km/h;"03/02/2026 01:53:36"
546437572;"PLANALTINA II";-15.737350;-47.652481;17km/h;"03/02/2026 01:53:37"
546437591;"PLANALTINA II";-15.737305;-47.652496;19km/h;"03/02/2026 01:53:38"
546437616;"PLANALTINA II";-15.737251;-47.652512;22km/h;"03/02/2026 01:53:39"
546437640;"PLANALTINA II";-15.737142;-47.652554;24km/h;"03/02/2026 01:53:40"
546437666;"PLANALTINA II";-15.737086;-47.652584;24km/h;"03/02/2026 01:53:41"
546437685;"PLANALTINA II";-15.737026;-47.652603;25km/h;"03/02/2026 01:53:42"
546437714;"PLANALTINA II";-15.736965;-47.652630;26km/h;"03/02/2026 01:53:43"
546437733;"PLANALTINA II";-15.736898;-47.652641;25km/h;"03/02/2026 01:53:44"
546437756;"PLANALTINA II";-15.736836;-47.652649;24km/h;"03/02/2026 01:53:45"
546437781;"PLANALTINA II";-15.736763;-47.652660;24km/h;"03/02/2026 01:53:46"
546437805;"PLANALTINA II";-15.736702;-47.652676;23km/h;"03/02/2026 01:53:47"
546437826;"PLANALTINA II";-15.736650;-47.652695;21km/h;"03/02/2026 01:53:48"
546437851;"PLANALTINA II";-15.736597;-47.652710;22km/h;"03/02/2026 01:53:49"
546437874;"PLANALTINA II";-15.736545;-47.652721;22km/h;"03/02/2026 01:53:50"
546437896;"PLANALTINA II";-15.736480;-47.652733;24km/h;"03/02/2026 01:53:51"
546437919;"PLANALTINA II";-15.736419;-47.652744;27km/h;"03/02/2026 01:53:52"
546437946;"PLANALTINA II";-15.736352;-47.652756;28km/h;"03/02/2026 01:53:53"
546437977;"PLANALTINA II";-15.736290;-47.652771;25km/h;"03/02/2026 01:53:55"
546437990;"PLANALTINA II";-15.736223;-47.652786;27km/h;"03/02/2026 01:53:55"
546438016;"PLANALTINA II";-15.736148;-47.652798;30km/h;"03/02/2026 01:53:57"
546438064;"PLANALTINA II";-15.736076;-47.652802;29km/h;"03/02/2026 01:53:59"
546438082;"PLANALTINA II";-15.736003;-47.652813;29km/h;"03/02/2026 01:53:59"
546438086;"PLANALTINA II";-15.735930;-47.652824;29km/h;"03/02/2026 01:54:00"
546438110;"PLANALTINA II";-15.735860;-47.652832;29km/h;"03/02/2026 01:54:01"
546438132;"PLANALTINA II";-15.735790;-47.652840;26km/h;"03/02/2026 01:54:02"
546438181;"PLANALTINA II";-15.735657;-47.652843;26km/h;"03/02/2026 01:54:04"
546438205;"PLANALTINA II";-15.735585;-47.652847;27km/h;"03/02/2026 01:54:05"
546438229;"PLANALTINA II";-15.735523;-47.652855;24km/h;"03/02/2026 01:54:06"
546438249;"PLANALTINA II";-15.735472;-47.652863;20km/h;"03/02/2026 01:54:07"
546438272;"PLANALTINA II";-15.735427;-47.652866;18km/h;"03/02/2026 01:54:08"
546438297;"PLANALTINA II";-15.735400;-47.652866;12km/h;"03/02/2026 01:54:09"
546438324;"PLANALTINA II";-15.735376;-47.652866;11km/h;"03/02/2026 01:54:10"
546438365;"PLANALTINA II";-15.735355;-47.652866;9km/h;"03/02/2026 01:54:11"
546438369;"PLANALTINA II";-15.735335;-47.652866;9km/h;"03/02/2026 01:54:12"
546438394;"PLANALTINA II";-15.735316;-47.652866;9km/h;"03/02/2026 01:54:13"
546438418;"PLANALTINA II";-15.735295;-47.652870;10km/h;"03/02/2026 01:54:14"
546438443;"PLANALTINA II";-15.735273;-47.652878;12km/h;"03/02/2026 01:54:15"
546438481;"PLANALTINA II";-15.735244;-47.652878;14km/h;"03/02/2026 01:54:17"
546438567;"PLANALTINA II";-15.735211;-47.652878;17km/h;"03/02/2026 01:54:21"
546438718;"PLANALTINA II";-15.735168;-47.652878;17km/h;"03/02/2026 01:54:27"
546438719;"PLANALTINA II";-15.735126;-47.652878;16km/h;"03/02/2026 01:54:27"
546438720;"PLANALTINA II";-15.735086;-47.652870;17km/h;"03/02/2026 01:54:27"
546438723;"PLANALTINA II";-15.735044;-47.652870;18km/h;"03/02/2026 01:54:27"
546438732;"PLANALTINA II";-15.734997;-47.652870;19km/h;"03/02/2026 01:54:28"
546438733;"PLANALTINA II";-15.734946;-47.652870;21km/h;"03/02/2026 01:54:28"
546438734;"PLANALTINA II";-15.734888;-47.652874;25km/h;"03/02/2026 01:54:28"
546438735;"PLANALTINA II";-15.734823;-47.652878;27km/h;"03/02/2026 01:54:28"
546438736;"PLANALTINA II";-15.734763;-47.652889;24km/h;"03/02/2026 01:54:28"
546438737;"PLANALTINA II";-15.734703;-47.652901;24km/h;"03/02/2026 01:54:28"
546438745;"PLANALTINA II";-15.734640;-47.652908;24km/h;"03/02/2026 01:54:28"
546438768;"PLANALTINA II";-15.734571;-47.652916;24km/h;"03/02/2026 01:54:29"
546438801;"PLANALTINA II";-15.734515;-47.652927;22km/h;"03/02/2026 01:54:30"
546438852;"PLANALTINA II";-15.734460;-47.652935;22km/h;"03/02/2026 01:54:32"
546438880;"PLANALTINA II";-15.734402;-47.652935;22km/h;"03/02/2026 01:54:34"
546438887;"PLANALTINA II";-15.734348;-47.652935;23km/h;"03/02/2026 01:54:34"
546438892;"PLANALTINA II";-15.734293;-47.652939;22km/h;"03/02/2026 01:54:34"
546438908;"PLANALTINA II";-15.734240;-47.652943;22km/h;"03/02/2026 01:54:35"
546438949;"PLANALTINA II";-15.734187;-47.652950;22km/h;"03/02/2026 01:54:37"
546439034;"PLANALTINA II";-15.734132;-47.652962;23km/h;"03/02/2026 01:54:40"
546439039;"PLANALTINA II";-15.734077;-47.652973;24km/h;"03/02/2026 01:54:41"
546439068;"PLANALTINA II";-15.734016;-47.652985;26km/h;"03/02/2026 01:54:42"
546439069;"PLANALTINA II";-15.733956;-47.653000;24km/h;"03/02/2026 01:54:42"
546439084;"PLANALTINA II";-15.733898;-47.653019;25km/h;"03/02/2026 01:54:42"
546439085;"PLANALTINA II";-15.733829;-47.653038;29km/h;"03/02/2026 01:54:42"
546439102;"PLANALTINA II";-15.733758;-47.653049;28km/h;"03/02/2026 01:54:43"
546439118;"PLANALTINA II";-15.733688;-47.653065;28km/h;"03/02/2026 01:54:44"
546439143;"PLANALTINA II";-15.733624;-47.653069;29km/h;"03/02/2026 01:54:45"
546439168;"PLANALTINA II";-15.733555;-47.653080;29km/h;"03/02/2026 01:54:46"
546439199;"PLANALTINA II";-15.733487;-47.653084;27km/h;"03/02/2026 01:54:47"
546439218;"PLANALTINA II";-15.733420;-47.653088;27km/h;"03/02/2026 01:54:48"
546439364;"PLANALTINA II";-15.733354;-47.653095;27km/h;"03/02/2026 01:54:55"
546439371;"PLANALTINA II";-15.733278;-47.653103;29km/h;"03/02/2026 01:54:55"
546439389;"PLANALTINA II";-15.733207;-47.653111;28km/h;"03/02/2026 01:54:56"
546439390;"PLANALTINA II";-15.733135;-47.653118;28km/h;"03/02/2026 01:54:56"
546439396;"PLANALTINA II";-15.732991;-47.653152;29km/h;"03/02/2026 01:54:56"
546439397;"PLANALTINA II";-15.732922;-47.653172;29km/h;"03/02/2026 01:54:56"
546439408;"PLANALTINA II";-15.732848;-47.653187;30km/h;"03/02/2026 01:54:56"
546439424;"PLANALTINA II";-15.732774;-47.653202;31km/h;"03/02/2026 01:54:57"
546439447;"PLANALTINA II";-15.732695;-47.653214;31km/h;"03/02/2026 01:54:58"
546439479;"PLANALTINA II";-15.732616;-47.653225;31km/h;"03/02/2026 01:54:59"
546439509;"PLANALTINA II";-15.732535;-47.653233;32km/h;"03/02/2026 01:55:01"
546439523;"PLANALTINA II";-15.732456;-47.653244;31km/h;"03/02/2026 01:55:01"
546439554;"PLANALTINA II";-15.732378;-47.653252;31km/h;"03/02/2026 01:55:03"
546439587;"PLANALTINA II";-15.732302;-47.653263;32km/h;"03/02/2026 01:55:04"
546439598;"PLANALTINA II";-15.732224;-47.653275;31km/h;"03/02/2026 01:55:04"
546441165;"PLANALTINA II";-15.728870;-47.654613;51km/h;"03/02/2026 01:56:15"
546441191;"PLANALTINA II";-15.728842;-47.654747;56km/h;"03/02/2026 01:56:16"
546441214;"PLANALTINA II";-15.728810;-47.654900;59km/h;"03/02/2026 01:56:17"
546441236;"PLANALTINA II";-15.728773;-47.655052;58km/h;"03/02/2026 01:56:18"
546441260;"PLANALTINA II";-15.728735;-47.655205;59km/h;"03/02/2026 01:56:19"
546441285;"PLANALTINA II";-15.728699;-47.655361;61km/h;"03/02/2026 01:56:20"
546441307;"PLANALTINA II";-15.728662;-47.655521;62km/h;"03/02/2026 01:56:21"
546441332;"PLANALTINA II";-15.728620;-47.655685;66km/h;"03/02/2026 01:56:22"
546441352;"PLANALTINA II";-15.728577;-47.655857;66km/h;"03/02/2026 01:56:23"
546441380;"PLANALTINA II";-15.728539;-47.656029;68km/h;"03/02/2026 01:56:24"
546441398;"PLANALTINA II";-15.728498;-47.656200;70km/h;"03/02/2026 01:56:25"
546441424;"PLANALTINA II";-15.728455;-47.656384;73km/h;"03/02/2026 01:56:26"
546441442;"PLANALTINA II";-15.728412;-47.656567;72km/h;"03/02/2026 01:56:27"
546441473;"PLANALTINA II";-15.728367;-47.656738;70km/h;"03/02/2026 01:56:28"
546442862;"PLANALTINA II";-15.719122;-47.658741;103km/h;"03/02/2026 01:57:31"
546442932;"PLANALTINA II";-15.718873;-47.658691;103km/h;"03/02/2026 01:57:34"
546442938;"PLANALTINA II";-15.718360;-47.658588;104km/h;"03/02/2026 01:57:34"
546442939;"PLANALTINA II";-15.718620;-47.658642;104km/h;"03/02/2026 01:57:34"
546442940;"PLANALTINA II";-15.718105;-47.658531;104km/h;"03/02/2026 01:57:34"
546442962;"PLANALTINA II";-15.717850;-47.658482;102km/h;"03/02/2026 01:57:35"
546442984;"PLANALTINA II";-15.717598;-47.658428;104km/h;"03/02/2026 01:57:36"
546443006;"PLANALTINA II";-15.717335;-47.658375;102km/h;"03/02/2026 01:57:37"
546443033;"PLANALTINA II";-15.717080;-47.658321;103km/h;"03/02/2026 01:57:38"
546443053;"PLANALTINA II";-15.716830;-47.658272;104km/h;"03/02/2026 01:57:39"
546443074;"PLANALTINA II";-15.716575;-47.658218;103km/h;"03/02/2026 01:57:40"
546443098;"PLANALTINA II";-15.716322;-47.658173;102km/h;"03/02/2026 01:57:41"
546443122;"PLANALTINA II";-15.716070;-47.658123;102km/h;"03/02/2026 01:57:42"
546443145;"PLANALTINA II";-15.715818;-47.658073;102km/h;"03/02/2026 01:57:43"
546443168;"PLANALTINA II";-15.715567;-47.658024;103km/h;"03/02/2026 01:57:44"
546443194;"PLANALTINA II";-15.715319;-47.657970;101km/h;"03/02/2026 01:57:45"
546443215;"PLANALTINA II";-15.715068;-47.657921;100km/h;"03/02/2026 01:57:46"
546443239;"PLANALTINA II";-15.714820;-47.657867;100km/h;"03/02/2026 01:57:47"
546443264;"PLANALTINA II";-15.714573;-47.657822;100km/h;"03/02/2026 01:57:48"
546443287;"PLANALTINA II";-15.714320;-47.657776;100km/h;"03/02/2026 01:57:49"
546443311;"PLANALTINA II";-15.714068;-47.657726;100km/h;"03/02/2026 01:57:50"
546443335;"PLANALTINA II";-15.713817;-47.657677;100km/h;"03/02/2026 01:57:51"
546443358;"PLANALTINA II";-15.713570;-47.657623;99km/h;"03/02/2026 01:57:52"
546443440;"PLANALTINA II";-15.713328;-47.657574;98km/h;"03/02/2026 01:57:56"
546443456;"PLANALTINA II";-15.713083;-47.657520;101km/h;"03/02/2026 01:57:56"
546443457;"PLANALTINA II";-15.712835;-47.657471;99km/h;"03/02/2026 01:57:56"
546443459;"PLANALTINA II";-15.712586;-47.657425;99km/h;"03/02/2026 01:57:57"
546443481;"PLANALTINA II";-15.712341;-47.657379;98km/h;"03/02/2026 01:57:57"
546443505;"PLANALTINA II";-15.712105;-47.657333;98km/h;"03/02/2026 01:57:58"
546443523;"PLANALTINA II";-15.711865;-47.657284;98km/h;"03/02/2026 01:57:59"
546443545;"PLANALTINA II";-15.711628;-47.657234;99km/h;"03/02/2026 01:58:00"
546443569;"PLANALTINA II";-15.711385;-47.657185;100km/h;"03/02/2026 01:58:01"
546443593;"PLANALTINA II";-15.711137;-47.657127;101km/h;"03/02/2026 01:58:02"
546443617;"PLANALTINA II";-15.710888;-47.657074;102km/h;"03/02/2026 01:58:03"
546443639;"PLANALTINA II";-15.710638;-47.657017;103km/h;"03/02/2026 01:58:04"
546443663;"PLANALTINA II";-15.710386;-47.656956;104km/h;"03/02/2026 01:58:05"
546443687;"PLANALTINA II";-15.710130;-47.656891;107km/h;"03/02/2026 01:58:06"
546443710;"PLANALTINA II";-15.709867;-47.656834;106km/h;"03/02/2026 01:58:07"
546443733;"PLANALTINA II";-15.709603;-47.656780;107km/h;"03/02/2026 01:58:08"
546443757;"PLANALTINA II";-15.709079;-47.656685;106km/h;"03/02/2026 01:58:09"
546443781;"PLANALTINA II";-15.708817;-47.656647;108km/h;"03/02/2026 01:58:10"
546443804;"PLANALTINA II";-15.708553;-47.656597;106km/h;"03/02/2026 01:58:11"
546443826;"PLANALTINA II";-15.708290;-47.656548;107km/h;"03/02/2026 01:58:12"
546443848;"PLANALTINA II";-15.708029;-47.656506;109km/h;"03/02/2026 01:58:13"
546443871;"PLANALTINA II";-15.707762;-47.656448;109km/h;"03/02/2026 01:58:14"
546443918;"PLANALTINA II";-15.707218;-47.656330;113km/h;"03/02/2026 01:58:16"
546443942;"PLANALTINA II";-15.706944;-47.656269;113km/h;"03/02/2026 01:58:17"
546443966;"PLANALTINA II";-15.706667;-47.656212;113km/h;"03/02/2026 01:58:18"
546443990;"PLANALTINA II";-15.706388;-47.656158;115km/h;"03/02/2026 01:58:19"
546444014;"PLANALTINA II";-15.706103;-47.656097;114km/h;"03/02/2026 01:58:20"
546444037;"PLANALTINA II";-15.705818;-47.656036;115km/h;"03/02/2026 01:58:21"
546444060;"PLANALTINA II";-15.705535;-47.655975;115km/h;"03/02/2026 01:58:22"
546444085;"PLANALTINA II";-15.705254;-47.655918;114km/h;"03/02/2026 01:58:23"
546444109;"PLANALTINA II";-15.704970;-47.655857;116km/h;"03/02/2026 01:58:24"
546444132;"PLANALTINA II";-15.704688;-47.655804;116km/h;"03/02/2026 01:58:25"
546444155;"PLANALTINA II";-15.704403;-47.655746;116km/h;"03/02/2026 01:58:26"
546444179;"PLANALTINA II";-15.704123;-47.655697;114km/h;"03/02/2026 01:58:27"
546444202;"PLANALTINA II";-15.703841;-47.655643;114km/h;"03/02/2026 01:58:28"
546444224;"PLANALTINA II";-15.703560;-47.655590;114km/h;"03/02/2026 01:58:29"
546444247;"PLANALTINA II";-15.703279;-47.655533;114km/h;"03/02/2026 01:58:30"
546444271;"PLANALTINA II";-15.702998;-47.655476;114km/h;"03/02/2026 01:58:31"
546444295;"PLANALTINA II";-15.702717;-47.655418;114km/h;"03/02/2026 01:58:32"
546444319;"PLANALTINA II";-15.702435;-47.655365;113km/h;"03/02/2026 01:58:33"
546444342;"PLANALTINA II";-15.702151;-47.655308;114km/h;"03/02/2026 01:58:34"
546444365;"PLANALTINA II";-15.701874;-47.655247;113km/h;"03/02/2026 01:58:35"
546444389;"PLANALTINA II";-15.701593;-47.655190;113km/h;"03/02/2026 01:58:37"
546444413;"PLANALTINA II";-15.701319;-47.655128;111km/h;"03/02/2026 01:58:38"
546444437;"PLANALTINA II";-15.701047;-47.655075;109km/h;"03/02/2026 01:58:39"
546444461;"PLANALTINA II";-15.700780;-47.655025;108km/h;"03/02/2026 01:58:40"
546444485;"PLANALTINA II";-15.700512;-47.654976;108km/h;"03/02/2026 01:58:41"
546444509;"PLANALTINA II";-15.700247;-47.654922;108km/h;"03/02/2026 01:58:42"
546444532;"PLANALTINA II";-15.699985;-47.654869;105km/h;"03/02/2026 01:58:43"
546444556;"PLANALTINA II";-15.699728;-47.654819;104km/h;"03/02/2026 01:58:44"
546444579;"PLANALTINA II";-15.699475;-47.654766;101km/h;"03/02/2026 01:58:45"
546444603;"PLANALTINA II";-15.699222;-47.654716;100km/h;"03/02/2026 01:58:46"
546444626;"PLANALTINA II";-15.698977;-47.654667;100km/h;"03/02/2026 01:58:47"
546444650;"PLANALTINA II";-15.698731;-47.654613;97km/h;"03/02/2026 01:58:48"
546444674;"PLANALTINA II";-15.698490;-47.654568;97km/h;"03/02/2026 01:58:49"
546444697;"PLANALTINA II";-15.698252;-47.654514;97km/h;"03/02/2026 01:58:50"
546444719;"PLANALTINA II";-15.698017;-47.654461;95km/h;"03/02/2026 01:58:51"
546444743;"PLANALTINA II";-15.697782;-47.654411;95km/h;"03/02/2026 01:58:52"
546444767;"PLANALTINA II";-15.697547;-47.654362;96km/h;"03/02/2026 01:58:53"
546444791;"PLANALTINA II";-15.697313;-47.654308;96km/h;"03/02/2026 01:58:54"
546444813;"PLANALTINA II";-15.697082;-47.654266;97km/h;"03/02/2026 01:58:55"
546444836;"PLANALTINA II";-15.696848;-47.654217;99km/h;"03/02/2026 01:58:56"
546444860;"PLANALTINA II";-15.696615;-47.654163;98km/h;"03/02/2026 01:58:57"
546444883;"PLANALTINA II";-15.696375;-47.654118;98km/h;"03/02/2026 01:58:58"
546444906;"PLANALTINA II";-15.696130;-47.654068;101km/h;"03/02/2026 01:58:59"
546444930;"PLANALTINA II";-15.695880;-47.654015;102km/h;"03/02/2026 01:59:00"
546444954;"PLANALTINA II";-15.695632;-47.653961;102km/h;"03/02/2026 01:59:01"
546444977;"PLANALTINA II";-15.695383;-47.653900;101km/h;"03/02/2026 01:59:02"
546445000;"PLANALTINA II";-15.695131;-47.653839;106km/h;"03/02/2026 01:59:03"
546445022;"PLANALTINA II";-15.694885;-47.653793;101km/h;"03/02/2026 01:59:04"
546445045;"PLANALTINA II";-15.694640;-47.653751;102km/h;"03/02/2026 01:59:05"
546445092;"PLANALTINA II";-15.694134;-47.653648;104km/h;"03/02/2026 01:59:07"
546445116;"PLANALTINA II";-15.693882;-47.653595;101km/h;"03/02/2026 01:59:08"
546445140;"PLANALTINA II";-15.693628;-47.653545;104km/h;"03/02/2026 01:59:09"
546445164;"PLANALTINA II";-15.693368;-47.653488;106km/h;"03/02/2026 01:59:10"
546445188;"PLANALTINA II";-15.693111;-47.653431;104km/h;"03/02/2026 01:59:11"
546445211;"PLANALTINA II";-15.692853;-47.653378;105km/h;"03/02/2026 01:59:12"
546445234;"PLANALTINA II";-15.692592;-47.653316;108km/h;"03/02/2026 01:59:13"
546445259;"PLANALTINA II";-15.692333;-47.653263;105km/h;"03/02/2026 01:59:14"
546445283;"PLANALTINA II";-15.692075;-47.653210;104km/h;"03/02/2026 01:59:15"
546445305;"PLANALTINA II";-15.691815;-47.653160;106km/h;"03/02/2026 01:59:16"
546445329;"PLANALTINA II";-15.691558;-47.653111;103km/h;"03/02/2026 01:59:17"
546445354;"PLANALTINA II";-15.691301;-47.653057;105km/h;"03/02/2026 01:59:18"
546445375;"PLANALTINA II";-15.691043;-47.652992;104km/h;"03/02/2026 01:59:19"
546445399;"PLANALTINA II";-15.690782;-47.652935;107km/h;"03/02/2026 01:59:20"
546445421;"PLANALTINA II";-15.690518;-47.652870;107km/h;"03/02/2026 01:59:21"
546445445;"PLANALTINA II";-15.690253;-47.652813;108km/h;"03/02/2026 01:59:22"
546445470;"PLANALTINA II";-15.689992;-47.652760;107km/h;"03/02/2026 01:59:23"
546445493;"PLANALTINA II";-15.689732;-47.652710;104km/h;"03/02/2026 01:59:24"
546445516;"PLANALTINA II";-15.689471;-47.652657;106km/h;"03/02/2026 01:59:25"
546445539;"PLANALTINA II";-15.689212;-47.652615;104km/h;"03/02/2026 01:59:26"
546445564;"PLANALTINA II";-15.688950;-47.652573;108km/h;"03/02/2026 01:59:27"
546445587;"PLANALTINA II";-15.688686;-47.652527;107km/h;"03/02/2026 01:59:28"
546445609;"PLANALTINA II";-15.688427;-47.652473;107km/h;"03/02/2026 01:59:29"
546445634;"PLANALTINA II";-15.688164;-47.652424;107km/h;"03/02/2026 01:59:30"
546445657;"PLANALTINA II";-15.687903;-47.652378;104km/h;"03/02/2026 01:59:31"
546445681;"PLANALTINA II";-15.687643;-47.652328;104km/h;"03/02/2026 01:59:32"
546445705;"PLANALTINA II";-15.687380;-47.652275;106km/h;"03/02/2026 01:59:33"
546445729;"PLANALTINA II";-15.686860;-47.652161;105km/h;"03/02/2026 01:59:34"
546445752;"PLANALTINA II";-15.686608;-47.652107;100km/h;"03/02/2026 01:59:35"
546445777;"PLANALTINA II";-15.686360;-47.652054;101km/h;"03/02/2026 01:59:36"
546445799;"PLANALTINA II";-15.686120;-47.652004;95km/h;"03/02/2026 01:59:37"
546445823;"PLANALTINA II";-15.685884;-47.651955;96km/h;"03/02/2026 01:59:38"
546445847;"PLANALTINA II";-15.685648;-47.651909;94km/h;"03/02/2026 01:59:39"
546445869;"PLANALTINA II";-15.685416;-47.651852;90km/h;"03/02/2026 01:59:40"
546445892;"PLANALTINA II";-15.685200;-47.651810;86km/h;"03/02/2026 01:59:41"
546445916;"PLANALTINA II";-15.685001;-47.651772;80km/h;"03/02/2026 01:59:42"
546445940;"PLANALTINA II";-15.684818;-47.651737;72km/h;"03/02/2026 01:59:43"
546445965;"PLANALTINA II";-15.684651;-47.651699;68km/h;"03/02/2026 01:59:44"
546445990;"PLANALTINA II";-15.684510;-47.651669;55km/h;"03/02/2026 01:59:45"
546446014;"PLANALTINA II";-15.684390;-47.651642;45km/h;"03/02/2026 01:59:47"
546446039;"PLANALTINA II";-15.684294;-47.651627;35km/h;"03/02/2026 01:59:48"
546446061;"PLANALTINA II";-15.684220;-47.651623;29km/h;"03/02/2026 01:59:48"
546446086;"PLANALTINA II";-15.684168;-47.651619;21km/h;"03/02/2026 01:59:50"
546446104;"PLANALTINA II";-15.684129;-47.651611;16km/h;"03/02/2026 01:59:50"
546446128;"PLANALTINA II";-15.684093;-47.651604;16km/h;"03/02/2026 01:59:51"
546446151;"PLANALTINA II";-15.684050;-47.651592;19km/h;"03/02/2026 01:59:52"
546446174;"PLANALTINA II";-15.683991;-47.651581;26km/h;"03/02/2026 01:59:53"
546446196;"PLANALTINA II";-15.683917;-47.651566;32km/h;"03/02/2026 01:59:54"
546446220;"PLANALTINA II";-15.683826;-47.651546;40km/h;"03/02/2026 01:59:55"
546446266;"PLANALTINA II";-15.683640;-47.651508;39km/h;"03/02/2026 01:59:57"
546446289;"PLANALTINA II";-15.683541;-47.651485;41km/h;"03/02/2026 01:59:58"
546446313;"PLANALTINA II";-15.683442;-47.651470;45km/h;"03/02/2026 01:59:59"
